filename,wellID,counts
data/assayplate_3765/AssayPlate_Corning_3765_M01_T0001F001L01A01Z01C01.tif,M01,1016
data/assayplate_3765/AssayPlate_Corning_3765_L23_T0001F001L01A01Z01C01.tif,L23,648
data/assayplate_3765/AssayPlate_Corning_3765_F21_T0001F001L01A01Z01C01.tif,F21,202
data/assayplate_3765/AssayPlate_Corning_3765_A21_T0001F001L01A01Z01C01.tif,A21,946
data/assayplate_3765/AssayPlate_Corning_3765_O19_T0001F001L01A01Z01C01.tif,O19,431
data/assayplate_3765/AssayPlate_Corning_3765_F14_T0001F001L01A01Z01C01.tif,F14,886
data/assayplate_3765/AssayPlate_Corning_3765_H01_T0001F001L01A01Z01C01.tif,H01,1081
data/assayplate_3765/AssayPlate_Corning_3765_M10_T0001F001L01A01Z01C01.tif,M10,731
data/assayplate_3765/AssayPlate_Corning_3765_N03_T0001F001L01A01Z01C01.tif,N03,627
data/assayplate_3765/AssayPlate_Corning_3765_A22_T0001F001L01A01Z01C01.tif,A22,810
data/assayplate_3765/AssayPlate_Corning_3765_M04_T0001F001L01A01Z01C01.tif,M04,471
data/assayplate_3765/AssayPlate_Corning_3765_H14_T0001F001L01A01Z01C01.tif,H14,725
data/assayplate_3765/AssayPlate_Corning_3765_C19_T0001F001L01A01Z01C01.tif,C19,1313
data/assayplate_3765/AssayPlate_Corning_3765_D01_T0001F001L01A01Z01C01.tif,D01,1061
data/assayplate_3765/AssayPlate_Corning_3765_G15_T0001F001L01A01Z01C01.tif,G15,930
data/assayplate_3765/AssayPlate_Corning_3765_K04_T0001F001L01A01Z01C01.tif,K04,465
data/assayplate_3765/AssayPlate_Corning_3765_N02_T0001F001L01A01Z01C01.tif,N02,644
data/assayplate_3765/AssayPlate_Corning_3765_K12_T0001F001L01A01Z01C01.tif,K12,756
data/assayplate_3765/AssayPlate_Corning_3765_C07_T0001F001L01A01Z01C01.tif,C07,1442
data/assayplate_3765/AssayPlate_Corning_3765_B17_T0001F001L01A01Z01C01.tif,B17,1244
data/assayplate_3765/AssayPlate_Corning_3765_N16_T0001F001L01A01Z01C01.tif,N16,632
data/assayplate_3765/AssayPlate_Corning_3765_P22_T0001F001L01A01Z01C01.tif,P22,450
data/assayplate_3765/AssayPlate_Corning_3765_D16_T0001F001L01A01Z01C01.tif,D16,1326
data/assayplate_3765/AssayPlate_Corning_3765_J11_T0001F001L01A01Z01C01.tif,J11,636
data/assayplate_3765/AssayPlate_Corning_3765_E20_T0001F001L01A01Z01C01.tif,E20,919
data/assayplate_3765/AssayPlate_Corning_3765_M23_T0001F001L01A01Z01C01.tif,M23,677
data/assayplate_3765/AssayPlate_Corning_3765_K02_T0001F001L01A01Z01C01.tif,K02,896
data/assayplate_3765/AssayPlate_Corning_3765_L10_T0001F001L01A01Z01C01.tif,L10,654
data/assayplate_3765/AssayPlate_Corning_3765_H09_T0001F001L01A01Z01C01.tif,H09,1544
data/assayplate_3765/AssayPlate_Corning_3765_M16_T0001F001L01A01Z01C01.tif,M16,690
data/assayplate_3765/AssayPlate_Corning_3765_E12_T0001F001L01A01Z01C01.tif,E12,1321
data/assayplate_3765/AssayPlate_Corning_3765_A08_T0001F001L01A01Z01C01.tif,A08,1109
data/assayplate_3765/AssayPlate_Corning_3765_G09_T0001F001L01A01Z01C01.tif,G09,1200
data/assayplate_3765/AssayPlate_Corning_3765_B08_T0001F001L01A01Z01C01.tif,B08,1622
data/assayplate_3765/AssayPlate_Corning_3765_H24_T0001F001L01A01Z01C01.tif,H24,1027
data/assayplate_3765/AssayPlate_Corning_3765_M05_T0001F001L01A01Z01C01.tif,M05,373
data/assayplate_3765/AssayPlate_Corning_3765_D13_T0001F001L01A01Z01C01.tif,D13,1303
data/assayplate_3765/AssayPlate_Corning_3765_G10_T0001F001L01A01Z01C01.tif,G10,1001
data/assayplate_3765/AssayPlate_Corning_3765_E02_T0001F001L01A01Z01C01.tif,E02,1034
data/assayplate_3765/AssayPlate_Corning_3765_E18_T0001F001L01A01Z01C01.tif,E18,1607
data/assayplate_3765/AssayPlate_Corning_3765_M17_T0001F001L01A01Z01C01.tif,M17,988
data/assayplate_3765/AssayPlate_Corning_3765_N24_T0001F001L01A01Z01C01.tif,N24,657
data/assayplate_3765/AssayPlate_Corning_3765_N07_T0001F001L01A01Z01C01.tif,N07,854
data/assayplate_3765/AssayPlate_Corning_3765_L24_T0001F001L01A01Z01C01.tif,L24,797
data/assayplate_3765/AssayPlate_Corning_3765_F12_T0001F001L01A01Z01C01.tif,F12,1022
data/assayplate_3765/AssayPlate_Corning_3765_G16_T0001F001L01A01Z01C01.tif,G16,1126
data/assayplate_3765/AssayPlate_Corning_3765_L17_T0001F001L01A01Z01C01.tif,L17,1022
data/assayplate_3765/AssayPlate_Corning_3765_B24_T0001F001L01A01Z01C01.tif,B24,837
data/assayplate_3765/AssayPlate_Corning_3765_J05_T0001F001L01A01Z01C01.tif,J05,454
data/assayplate_3765/AssayPlate_Corning_3765_L01_T0001F001L01A01Z01C01.tif,L01,1047
data/assayplate_3765/AssayPlate_Corning_3765_J14_T0001F001L01A01Z01C01.tif,J14,559
data/assayplate_3765/AssayPlate_Corning_3765_E22_T0001F001L01A01Z01C01.tif,E22,662
data/assayplate_3765/AssayPlate_Corning_3765_K22_T0001F001L01A01Z01C01.tif,K22,640
data/assayplate_3765/AssayPlate_Corning_3765_P05_T0001F001L01A01Z01C01.tif,P05,447
data/assayplate_3765/AssayPlate_Corning_3765_G06_T0001F001L01A01Z01C01.tif,G06,894
data/assayplate_3765/AssayPlate_Corning_3765_O06_T0001F001L01A01Z01C01.tif,O06,329
data/assayplate_3765/AssayPlate_Corning_3765_J07_T0001F001L01A01Z01C01.tif,J07,1125
data/assayplate_3765/AssayPlate_Corning_3765_K20_T0001F001L01A01Z01C01.tif,K20,411
data/assayplate_3765/AssayPlate_Corning_3765_N18_T0001F001L01A01Z01C01.tif,N18,801
data/assayplate_3765/AssayPlate_Corning_3765_B18_T0001F001L01A01Z01C01.tif,B18,1316
data/assayplate_3765/AssayPlate_Corning_3765_J18_T0001F001L01A01Z01C01.tif,J18,992
data/assayplate_3765/AssayPlate_Corning_3765_B01_T0001F001L01A01Z01C01.tif,B01,1465
data/assayplate_3765/AssayPlate_Corning_3765_A17_T0001F001L01A01Z01C01.tif,A17,1175
data/assayplate_3765/AssayPlate_Corning_3765_J10_T0001F001L01A01Z01C01.tif,J10,713
data/assayplate_3765/AssayPlate_Corning_3765_E04_T0001F001L01A01Z01C01.tif,E04,735
data/assayplate_3765/AssayPlate_Corning_3765_A12_T0001F001L01A01Z01C01.tif,A12,1020
data/assayplate_3765/AssayPlate_Corning_3765_B20_T0001F001L01A01Z01C01.tif,B20,1176
data/assayplate_3765/AssayPlate_Corning_3765_L18_T0001F001L01A01Z01C01.tif,L18,949
data/assayplate_3765/AssayPlate_Corning_3765_N01_T0001F001L01A01Z01C01.tif,N01,897
data/assayplate_3765/AssayPlate_Corning_3765_A14_T0001F001L01A01Z01C01.tif,A14,1029
data/assayplate_3765/AssayPlate_Corning_3765_J01_T0001F001L01A01Z01C01.tif,J01,1175
data/assayplate_3765/AssayPlate_Corning_3765_A04_T0001F001L01A01Z01C01.tif,A04,1150
data/assayplate_3765/AssayPlate_Corning_3765_O01_T0001F001L01A01Z01C01.tif,O01,683
data/assayplate_3765/AssayPlate_Corning_3765_D04_T0001F001L01A01Z01C01.tif,D04,699
data/assayplate_3765/AssayPlate_Corning_3765_L13_T0001F001L01A01Z01C01.tif,L13,1063
data/assayplate_3765/AssayPlate_Corning_3765_J22_T0001F001L01A01Z01C01.tif,J22,771
data/assayplate_3765/AssayPlate_Corning_3765_L04_T0001F001L01A01Z01C01.tif,L04,642
data/assayplate_3765/AssayPlate_Corning_3765_B14_T0001F001L01A01Z01C01.tif,B14,1103
data/assayplate_3765/AssayPlate_Corning_3765_H04_T0001F001L01A01Z01C01.tif,H04,513
data/assayplate_3765/AssayPlate_Corning_3765_I09_T0001F001L01A01Z01C01.tif,I09,1098
data/assayplate_3765/AssayPlate_Corning_3765_B22_T0001F001L01A01Z01C01.tif,B22,723
data/assayplate_3765/AssayPlate_Corning_3765_I02_T0001F001L01A01Z01C01.tif,I02,889
data/assayplate_3765/AssayPlate_Corning_3765_B05_T0001F001L01A01Z01C01.tif,B05,1100
data/assayplate_3765/AssayPlate_Corning_3765_H07_T0001F001L01A01Z01C01.tif,H07,1323
data/assayplate_3765/AssayPlate_Corning_3765_N17_T0001F001L01A01Z01C01.tif,N17,913
data/assayplate_3765/AssayPlate_Corning_3765_P03_T0001F001L01A01Z01C01.tif,P03,486
data/assayplate_3765/AssayPlate_Corning_3765_N22_T0001F001L01A01Z01C01.tif,N22,355
data/assayplate_3765/AssayPlate_Corning_3765_A13_T0001F001L01A01Z01C01.tif,A13,1100
data/assayplate_3765/AssayPlate_Corning_3765_E16_T0001F001L01A01Z01C01.tif,E16,1362
data/assayplate_3765/AssayPlate_Corning_3765_H03_T0001F001L01A01Z01C01.tif,H03,622
data/assayplate_3765/AssayPlate_Corning_3765_F03_T0001F001L01A01Z01C01.tif,F03,671
data/assayplate_3765/AssayPlate_Corning_3765_F22_T0001F001L01A01Z01C01.tif,F22,908
data/assayplate_3765/AssayPlate_Corning_3765_K08_T0001F001L01A01Z01C01.tif,K08,1029
data/assayplate_3765/AssayPlate_Corning_3765_D18_T0001F001L01A01Z01C01.tif,D18,1334
data/assayplate_3765/AssayPlate_Corning_3765_P09_T0001F001L01A01Z01C01.tif,P09,525
data/assayplate_3765/AssayPlate_Corning_3765_H12_T0001F001L01A01Z01C01.tif,H12,883
data/assayplate_3765/AssayPlate_Corning_3765_D03_T0001F001L01A01Z01C01.tif,D03,778
data/assayplate_3765/AssayPlate_Corning_3765_I20_T0001F001L01A01Z01C01.tif,I20,582
data/assayplate_3765/AssayPlate_Corning_3765_P17_T0001F001L01A01Z01C01.tif,P17,785
data/assayplate_3765/AssayPlate_Corning_3765_F02_T0001F001L01A01Z01C01.tif,F02,834
data/assayplate_3765/AssayPlate_Corning_3765_J21_T0001F001L01A01Z01C01.tif,J21,559
data/assayplate_3765/AssayPlate_Corning_3765_O04_T0001F001L01A01Z01C01.tif,O04,378
data/assayplate_3765/AssayPlate_Corning_3765_N20_T0001F001L01A01Z01C01.tif,N20,283
data/assayplate_3765/AssayPlate_Corning_3765_L07_T0001F001L01A01Z01C01.tif,L07,915
data/assayplate_3765/AssayPlate_Corning_3765_O12_T0001F001L01A01Z01C01.tif,O12,399
data/assayplate_3765/AssayPlate_Corning_3765_E01_T0001F001L01A01Z01C01.tif,E01,1159
data/assayplate_3765/AssayPlate_Corning_3765_C22_T0001F001L01A01Z01C01.tif,C22,948
data/assayplate_3765/AssayPlate_Corning_3765_L15_T0001F001L01A01Z01C01.tif,L15,677
data/assayplate_3765/AssayPlate_Corning_3765_C04_T0001F001L01A01Z01C01.tif,C04,875
data/assayplate_3765/AssayPlate_Corning_3765_I21_T0001F001L01A01Z01C01.tif,I21,652
data/assayplate_3765/AssayPlate_Corning_3765_D22_T0001F001L01A01Z01C01.tif,D22,834
data/assayplate_3765/AssayPlate_Corning_3765_N19_T0001F001L01A01Z01C01.tif,N19,456
data/assayplate_3765/AssayPlate_Corning_3765_B23_T0001F001L01A01Z01C01.tif,B23,663
data/assayplate_3765/AssayPlate_Corning_3765_D09_T0001F001L01A01Z01C01.tif,D09,1230
data/assayplate_3765/AssayPlate_Corning_3765_L21_T0001F001L01A01Z01C01.tif,L21,576
data/assayplate_3765/AssayPlate_Corning_3765_O15_T0001F001L01A01Z01C01.tif,O15,514
data/assayplate_3765/AssayPlate_Corning_3765_L08_T0001F001L01A01Z01C01.tif,L08,935
data/assayplate_3765/AssayPlate_Corning_3765_O02_T0001F001L01A01Z01C01.tif,O02,494
data/assayplate_3765/AssayPlate_Corning_3765_D17_T0001F001L01A01Z01C01.tif,D17,1388
data/assayplate_3765/AssayPlate_Corning_3765_K21_T0001F001L01A01Z01C01.tif,K21,616
data/assayplate_3765/AssayPlate_Corning_3765_N08_T0001F001L01A01Z01C01.tif,N08,1074
data/assayplate_3765/AssayPlate_Corning_3765_E24_T0001F001L01A01Z01C01.tif,E24,1110
data/assayplate_3765/AssayPlate_Corning_3765_F10_T0001F001L01A01Z01C01.tif,F10,1053
data/assayplate_3765/AssayPlate_Corning_3765_H11_T0001F001L01A01Z01C01.tif,H11,744
data/assayplate_3765/AssayPlate_Corning_3765_C16_T0001F001L01A01Z01C01.tif,C16,1330
data/assayplate_3765/AssayPlate_Corning_3765_I01_T0001F001L01A01Z01C01.tif,I01,1061
data/assayplate_3765/AssayPlate_Corning_3765_G22_T0001F001L01A01Z01C01.tif,G22,1296
data/assayplate_3765/AssayPlate_Corning_3765_O03_T0001F001L01A01Z01C01.tif,O03,513
data/assayplate_3765/AssayPlate_Corning_3765_P07_T0001F001L01A01Z01C01.tif,P07,811
data/assayplate_3765/AssayPlate_Corning_3765_I11_T0001F001L01A01Z01C01.tif,I11,575
data/assayplate_3765/AssayPlate_Corning_3765_O09_T0001F001L01A01Z01C01.tif,O09,834
data/assayplate_3765/AssayPlate_Corning_3765_F04_T0001F001L01A01Z01C01.tif,F04,599
data/assayplate_3765/AssayPlate_Corning_3765_P14_T0001F001L01A01Z01C01.tif,P14,174
data/assayplate_3765/AssayPlate_Corning_3765_I13_T0001F001L01A01Z01C01.tif,I13,1037
data/assayplate_3765/AssayPlate_Corning_3765_H17_T0001F001L01A01Z01C01.tif,H17,1331
data/assayplate_3765/AssayPlate_Corning_3765_D08_T0001F001L01A01Z01C01.tif,D08,1427
data/assayplate_3765/AssayPlate_Corning_3765_H13_T0001F001L01A01Z01C01.tif,H13,921
data/assayplate_3765/AssayPlate_Corning_3765_G12_T0001F001L01A01Z01C01.tif,G12,922
data/assayplate_3765/AssayPlate_Corning_3765_A24_T0001F001L01A01Z01C01.tif,A24,263
data/assayplate_3765/AssayPlate_Corning_3765_C03_T0001F001L01A01Z01C01.tif,C03,713
data/assayplate_3765/AssayPlate_Corning_3765_M02_T0001F001L01A01Z01C01.tif,M02,861
data/assayplate_3765/AssayPlate_Corning_3765_O20_T0001F001L01A01Z01C01.tif,O20,423
data/assayplate_3765/AssayPlate_Corning_3765_G11_T0001F001L01A01Z01C01.tif,G11,727
data/assayplate_3765/AssayPlate_Corning_3765_H06_T0001F001L01A01Z01C01.tif,H06,963
data/assayplate_3765/AssayPlate_Corning_3765_B15_T0001F001L01A01Z01C01.tif,B15,1296
data/assayplate_3765/AssayPlate_Corning_3765_O14_T0001F001L01A01Z01C01.tif,O14,480
data/assayplate_3765/AssayPlate_Corning_3765_F20_T0001F001L01A01Z01C01.tif,F20,965
data/assayplate_3765/AssayPlate_Corning_3765_O18_T0001F001L01A01Z01C01.tif,O18,1137
data/assayplate_3765/AssayPlate_Corning_3765_E08_T0001F001L01A01Z01C01.tif,E08,1364
data/assayplate_3765/AssayPlate_Corning_3765_D05_T0001F001L01A01Z01C01.tif,D05,896
data/assayplate_3765/AssayPlate_Corning_3765_P23_T0001F001L01A01Z01C01.tif,P23,468
data/assayplate_3765/AssayPlate_Corning_3765_B03_T0001F001L01A01Z01C01.tif,B03,841
data/assayplate_3765/AssayPlate_Corning_3765_C01_T0001F001L01A01Z01C01.tif,C01,1669
data/assayplate_3765/AssayPlate_Corning_3765_E09_T0001F001L01A01Z01C01.tif,E09,1300
data/assayplate_3765/AssayPlate_Corning_3765_I12_T0001F001L01A01Z01C01.tif,I12,770
data/assayplate_3765/AssayPlate_Corning_3765_M20_T0001F001L01A01Z01C01.tif,M20,443
data/assayplate_3765/AssayPlate_Corning_3765_A23_T0001F001L01A01Z01C01.tif,A23,688
data/assayplate_3765/AssayPlate_Corning_3765_M07_T0001F001L01A01Z01C01.tif,M07,889
data/assayplate_3765/AssayPlate_Corning_3765_L14_T0001F001L01A01Z01C01.tif,L14,661
data/assayplate_3765/AssayPlate_Corning_3765_M11_T0001F001L01A01Z01C01.tif,M11,810
data/assayplate_3765/AssayPlate_Corning_3765_P04_T0001F001L01A01Z01C01.tif,P04,521
data/assayplate_3765/AssayPlate_Corning_3765_A19_T0001F001L01A01Z01C01.tif,A19,1122
data/assayplate_3765/AssayPlate_Corning_3765_G20_T0001F001L01A01Z01C01.tif,G20,863
data/assayplate_3765/AssayPlate_Corning_3765_P21_T0001F001L01A01Z01C01.tif,P21,403
data/assayplate_3765/AssayPlate_Corning_3765_L05_T0001F001L01A01Z01C01.tif,L05,454
data/assayplate_3765/AssayPlate_Corning_3765_K06_T0001F001L01A01Z01C01.tif,K06,527
data/assayplate_3765/AssayPlate_Corning_3765_M06_T0001F001L01A01Z01C01.tif,M06,383
data/assayplate_3765/AssayPlate_Corning_3765_B21_T0001F001L01A01Z01C01.tif,B21,962
data/assayplate_3765/AssayPlate_Corning_3765_L12_T0001F001L01A01Z01C01.tif,L12,789
data/assayplate_3765/AssayPlate_Corning_3765_F01_T0001F001L01A01Z01C01.tif,F01,1198
data/assayplate_3765/AssayPlate_Corning_3765_K15_T0001F001L01A01Z01C01.tif,K15,666
data/assayplate_3765/AssayPlate_Corning_3765_B09_T0001F001L01A01Z01C01.tif,B09,1381
data/assayplate_3765/AssayPlate_Corning_3765_I18_T0001F001L01A01Z01C01.tif,I18,1460
data/assayplate_3765/AssayPlate_Corning_3765_D15_T0001F001L01A01Z01C01.tif,D15,1161
data/assayplate_3765/AssayPlate_Corning_3765_H21_T0001F001L01A01Z01C01.tif,H21,995
data/assayplate_3765/AssayPlate_Corning_3765_D23_T0001F001L01A01Z01C01.tif,D23,903
data/assayplate_3765/AssayPlate_Corning_3765_K17_T0001F001L01A01Z01C01.tif,K17,1047
data/assayplate_3765/AssayPlate_Corning_3765_N05_T0001F001L01A01Z01C01.tif,N05,347
data/assayplate_3765/AssayPlate_Corning_3765_P16_T0001F001L01A01Z01C01.tif,P16,638
data/assayplate_3765/AssayPlate_Corning_3765_K03_T0001F001L01A01Z01C01.tif,K03,679
data/assayplate_3765/AssayPlate_Corning_3765_G19_T0001F001L01A01Z01C01.tif,G19,981
data/assayplate_3765/AssayPlate_Corning_3765_P11_T0001F001L01A01Z01C01.tif,P11,410
data/assayplate_3765/AssayPlate_Corning_3765_P24_T0001F001L01A01Z01C01.tif,P24,760
data/assayplate_3765/AssayPlate_Corning_3765_G01_T0001F001L01A01Z01C01.tif,G01,1026
data/assayplate_3765/AssayPlate_Corning_3765_N04_T0001F001L01A01Z01C01.tif,N04,537
data/assayplate_3765/AssayPlate_Corning_3765_O07_T0001F001L01A01Z01C01.tif,O07,786
data/assayplate_3765/AssayPlate_Corning_3765_J13_T0001F001L01A01Z01C01.tif,J13,1664
data/assayplate_3765/AssayPlate_Corning_3765_H08_T0001F001L01A01Z01C01.tif,H08,1454
data/assayplate_3765/AssayPlate_Corning_3765_O08_T0001F001L01A01Z01C01.tif,O08,1008
data/assayplate_3765/AssayPlate_Corning_3765_C08_T0001F001L01A01Z01C01.tif,C08,1565
data/assayplate_3765/AssayPlate_Corning_3765_H02_T0001F001L01A01Z01C01.tif,H02,853
data/assayplate_3765/AssayPlate_Corning_3765_I14_T0001F001L01A01Z01C01.tif,I14,624
data/assayplate_3765/AssayPlate_Corning_3765_H15_T0001F001L01A01Z01C01.tif,H15,913
data/assayplate_3765/AssayPlate_Corning_3765_A16_T0001F001L01A01Z01C01.tif,A16,1159
data/assayplate_3765/AssayPlate_Corning_3765_B06_T0001F001L01A01Z01C01.tif,B06,1408
data/assayplate_3765/AssayPlate_Corning_3765_G21_T0001F001L01A01Z01C01.tif,G21,677
data/assayplate_3765/AssayPlate_Corning_3765_C18_T0001F001L01A01Z01C01.tif,C18,1439
data/assayplate_3765/AssayPlate_Corning_3765_F07_T0001F001L01A01Z01C01.tif,F07,1300
data/assayplate_3765/AssayPlate_Corning_3765_C10_T0001F001L01A01Z01C01.tif,C10,1275
data/assayplate_3765/AssayPlate_Corning_3765_I19_T0001F001L01A01Z01C01.tif,I19,925
data/assayplate_3765/AssayPlate_Corning_3765_D12_T0001F001L01A01Z01C01.tif,D12,1208
data/assayplate_3765/AssayPlate_Corning_3765_G08_T0001F001L01A01Z01C01.tif,G08,1317
data/assayplate_3765/AssayPlate_Corning_3765_H10_T0001F001L01A01Z01C01.tif,H10,1023
data/assayplate_3765/AssayPlate_Corning_3765_H20_T0001F001L01A01Z01C01.tif,H20,780
data/assayplate_3765/AssayPlate_Corning_3765_L02_T0001F001L01A01Z01C01.tif,L02,884
data/assayplate_3765/AssayPlate_Corning_3765_K18_T0001F001L01A01Z01C01.tif,K18,979
data/assayplate_3765/AssayPlate_Corning_3765_C17_T0001F001L01A01Z01C01.tif,C17,1299
data/assayplate_3765/AssayPlate_Corning_3765_B19_T0001F001L01A01Z01C01.tif,B19,1452
data/assayplate_3765/AssayPlate_Corning_3765_G13_T0001F001L01A01Z01C01.tif,G13,996
data/assayplate_3765/AssayPlate_Corning_3765_M22_T0001F001L01A01Z01C01.tif,M22,718
data/assayplate_3765/AssayPlate_Corning_3765_G18_T0001F001L01A01Z01C01.tif,G18,1380
data/assayplate_3765/AssayPlate_Corning_3765_G02_T0001F001L01A01Z01C01.tif,G02,839
data/assayplate_3765/AssayPlate_Corning_3765_J23_T0001F001L01A01Z01C01.tif,J23,812
data/assayplate_3765/AssayPlate_Corning_3765_H19_T0001F001L01A01Z01C01.tif,H19,1559
data/assayplate_3765/AssayPlate_Corning_3765_M24_T0001F001L01A01Z01C01.tif,M24,732
data/assayplate_3765/AssayPlate_Corning_3765_D24_T0001F001L01A01Z01C01.tif,D24,936
data/assayplate_3765/AssayPlate_Corning_3765_E23_T0001F001L01A01Z01C01.tif,E23,136
data/assayplate_3765/AssayPlate_Corning_3765_A06_T0001F001L01A01Z01C01.tif,A06,1203
data/assayplate_3765/AssayPlate_Corning_3765_D06_T0001F001L01A01Z01C01.tif,D06,1083
data/assayplate_3765/AssayPlate_Corning_3765_M13_T0001F001L01A01Z01C01.tif,M13,718
data/assayplate_3765/AssayPlate_Corning_3765_O13_T0001F001L01A01Z01C01.tif,O13,697
data/assayplate_3765/AssayPlate_Corning_3765_G14_T0001F001L01A01Z01C01.tif,G14,868
data/assayplate_3765/AssayPlate_Corning_3765_E17_T0001F001L01A01Z01C01.tif,E17,1357
data/assayplate_3765/AssayPlate_Corning_3765_H16_T0001F001L01A01Z01C01.tif,H16,1264
data/assayplate_3765/AssayPlate_Corning_3765_N23_T0001F001L01A01Z01C01.tif,N23,633
data/assayplate_3765/AssayPlate_Corning_3765_O10_T0001F001L01A01Z01C01.tif,O10,591
data/assayplate_3765/AssayPlate_Corning_3765_A15_T0001F001L01A01Z01C01.tif,A15,1150
data/assayplate_3765/AssayPlate_Corning_3765_N10_T0001F001L01A01Z01C01.tif,N10,612
data/assayplate_3765/AssayPlate_Corning_3765_E13_T0001F001L01A01Z01C01.tif,E13,1220
data/assayplate_3765/AssayPlate_Corning_3765_M19_T0001F001L01A01Z01C01.tif,M19,364
data/assayplate_3765/AssayPlate_Corning_3765_L16_T0001F001L01A01Z01C01.tif,L16,724
data/assayplate_3765/AssayPlate_Corning_3765_J19_T0001F001L01A01Z01C01.tif,J19,598
data/assayplate_3765/AssayPlate_Corning_3765_N09_T0001F001L01A01Z01C01.tif,N09,819
data/assayplate_3765/AssayPlate_Corning_3765_K16_T0001F001L01A01Z01C01.tif,K16,967
data/assayplate_3765/AssayPlate_Corning_3765_J12_T0001F001L01A01Z01C01.tif,J12,765
data/assayplate_3765/AssayPlate_Corning_3765_I08_T0001F001L01A01Z01C01.tif,I08,1318
data/assayplate_3765/AssayPlate_Corning_3765_E05_T0001F001L01A01Z01C01.tif,E05,878
data/assayplate_3765/AssayPlate_Corning_3765_J09_T0001F001L01A01Z01C01.tif,J09,991
data/assayplate_3765/AssayPlate_Corning_3765_O24_T0001F001L01A01Z01C01.tif,O24,758
data/assayplate_3765/AssayPlate_Corning_3765_F24_T0001F001L01A01Z01C01.tif,F24,1009
data/assayplate_3765/AssayPlate_Corning_3765_K07_T0001F001L01A01Z01C01.tif,K07,910
data/assayplate_3765/AssayPlate_Corning_3765_C02_T0001F001L01A01Z01C01.tif,C02,1288
data/assayplate_3765/AssayPlate_Corning_3765_J06_T0001F001L01A01Z01C01.tif,J06,631
data/assayplate_3765/AssayPlate_Corning_3765_G24_T0001F001L01A01Z01C01.tif,G24,1076
data/assayplate_3765/AssayPlate_Corning_3765_E03_T0001F001L01A01Z01C01.tif,E03,604
data/assayplate_3765/AssayPlate_Corning_3765_O17_T0001F001L01A01Z01C01.tif,O17,791
data/assayplate_3765/AssayPlate_Corning_3765_C20_T0001F001L01A01Z01C01.tif,C20,1077
data/assayplate_3765/AssayPlate_Corning_3765_O11_T0001F001L01A01Z01C01.tif,O11,491
data/assayplate_3765/AssayPlate_Corning_3765_G04_T0001F001L01A01Z01C01.tif,G04,608
data/assayplate_3765/AssayPlate_Corning_3765_N13_T0001F001L01A01Z01C01.tif,N13,784
data/assayplate_3765/AssayPlate_Corning_3765_L19_T0001F001L01A01Z01C01.tif,L19,421
data/assayplate_3765/AssayPlate_Corning_3765_K09_T0001F001L01A01Z01C01.tif,K09,805
data/assayplate_3765/AssayPlate_Corning_3765_M14_T0001F001L01A01Z01C01.tif,M14,567
data/assayplate_3765/AssayPlate_Corning_3765_A02_T0001F001L01A01Z01C01.tif,A02,1380
data/assayplate_3765/AssayPlate_Corning_3765_H05_T0001F001L01A01Z01C01.tif,H05,627
data/assayplate_3765/AssayPlate_Corning_3765_E10_T0001F001L01A01Z01C01.tif,E10,1273
data/assayplate_3765/AssayPlate_Corning_3765_K01_T0001F001L01A01Z01C01.tif,K01,1042
data/assayplate_3765/AssayPlate_Corning_3765_N21_T0001F001L01A01Z01C01.tif,N21,602
data/assayplate_3765/AssayPlate_Corning_3765_B02_T0001F001L01A01Z01C01.tif,B02,1348
data/assayplate_3765/AssayPlate_Corning_3765_I23_T0001F001L01A01Z01C01.tif,I23,833
data/assayplate_3765/AssayPlate_Corning_3765_F16_T0001F001L01A01Z01C01.tif,F16,1143
data/assayplate_3765/AssayPlate_Corning_3765_C11_T0001F001L01A01Z01C01.tif,C11,1195
data/assayplate_3765/AssayPlate_Corning_3765_C24_T0001F001L01A01Z01C01.tif,C24,873
data/assayplate_3765/AssayPlate_Corning_3765_N06_T0001F001L01A01Z01C01.tif,N06,452
data/assayplate_3765/AssayPlate_Corning_3765_D20_T0001F001L01A01Z01C01.tif,D20,1055
data/assayplate_3765/AssayPlate_Corning_3765_D19_T0001F001L01A01Z01C01.tif,D19,1126
data/assayplate_3765/AssayPlate_Corning_3765_A10_T0001F001L01A01Z01C01.tif,A10,1358
data/assayplate_3765/AssayPlate_Corning_3765_J03_T0001F001L01A01Z01C01.tif,J03,883
data/assayplate_3765/AssayPlate_Corning_3765_J08_T0001F001L01A01Z01C01.tif,J08,1236
data/assayplate_3765/AssayPlate_Corning_3765_P19_T0001F001L01A01Z01C01.tif,P19,447
data/assayplate_3765/AssayPlate_Corning_3765_J16_T0001F001L01A01Z01C01.tif,J16,954
data/assayplate_3765/AssayPlate_Corning_3765_D21_T0001F001L01A01Z01C01.tif,D21,896
data/assayplate_3765/AssayPlate_Corning_3765_F19_T0001F001L01A01Z01C01.tif,F19,1107
data/assayplate_3765/AssayPlate_Corning_3765_I05_T0001F001L01A01Z01C01.tif,I05,476
data/assayplate_3765/AssayPlate_Corning_3765_I07_T0001F001L01A01Z01C01.tif,I07,1015
data/assayplate_3765/AssayPlate_Corning_3765_M12_T0001F001L01A01Z01C01.tif,M12,701
data/assayplate_3765/AssayPlate_Corning_3765_P18_T0001F001L01A01Z01C01.tif,P18,770
data/assayplate_3765/AssayPlate_Corning_3765_F08_T0001F001L01A01Z01C01.tif,F08,1369
data/assayplate_3765/AssayPlate_Corning_3765_G23_T0001F001L01A01Z01C01.tif,G23,895
data/assayplate_3765/AssayPlate_Corning_3765_E07_T0001F001L01A01Z01C01.tif,E07,1404
data/assayplate_3765/AssayPlate_Corning_3765_J17_T0001F001L01A01Z01C01.tif,J17,1258
data/assayplate_3765/AssayPlate_Corning_3765_O16_T0001F001L01A01Z01C01.tif,O16,811
data/assayplate_3765/AssayPlate_Corning_3765_E19_T0001F001L01A01Z01C01.tif,E19,1226
data/assayplate_3765/AssayPlate_Corning_3765_K05_T0001F001L01A01Z01C01.tif,K05,401
data/assayplate_3765/AssayPlate_Corning_3765_N11_T0001F001L01A01Z01C01.tif,N11,537
data/assayplate_3765/AssayPlate_Corning_3765_L09_T0001F001L01A01Z01C01.tif,L09,825
data/assayplate_3765/AssayPlate_Corning_3765_B10_T0001F001L01A01Z01C01.tif,B10,1184
data/assayplate_3765/AssayPlate_Corning_3765_A18_T0001F001L01A01Z01C01.tif,A18,1148
data/assayplate_3765/AssayPlate_Corning_3765_C09_T0001F001L01A01Z01C01.tif,C09,1351
data/assayplate_3765/AssayPlate_Corning_3765_P20_T0001F001L01A01Z01C01.tif,P20,207
data/assayplate_3765/AssayPlate_Corning_3765_G07_T0001F001L01A01Z01C01.tif,G07,1144
data/assayplate_3765/AssayPlate_Corning_3765_J20_T0001F001L01A01Z01C01.tif,J20,468
data/assayplate_3765/AssayPlate_Corning_3765_K10_T0001F001L01A01Z01C01.tif,K10,634
data/assayplate_3765/AssayPlate_Corning_3765_B16_T0001F001L01A01Z01C01.tif,B16,1196
data/assayplate_3765/AssayPlate_Corning_3765_C06_T0001F001L01A01Z01C01.tif,C06,1218
data/assayplate_3765/AssayPlate_Corning_3765_C12_T0001F001L01A01Z01C01.tif,C12,1291
data/assayplate_3765/AssayPlate_Corning_3765_L11_T0001F001L01A01Z01C01.tif,L11,667
data/assayplate_3765/AssayPlate_Corning_3765_F23_T0001F001L01A01Z01C01.tif,F23,920
data/assayplate_3765/AssayPlate_Corning_3765_B07_T0001F001L01A01Z01C01.tif,B07,1397
data/assayplate_3765/AssayPlate_Corning_3765_C15_T0001F001L01A01Z01C01.tif,C15,1119
data/assayplate_3765/AssayPlate_Corning_3765_E06_T0001F001L01A01Z01C01.tif,E06,1051
data/assayplate_3765/AssayPlate_Corning_3765_P12_T0001F001L01A01Z01C01.tif,P12,391
data/assayplate_3765/AssayPlate_Corning_3765_O05_T0001F001L01A01Z01C01.tif,O05,147
data/assayplate_3765/AssayPlate_Corning_3765_P08_T0001F001L01A01Z01C01.tif,P08,688
data/assayplate_3765/AssayPlate_Corning_3765_C13_T0001F001L01A01Z01C01.tif,C13,1268
data/assayplate_3765/AssayPlate_Corning_3765_A01_T0001F001L01A01Z01C01.tif,A01,1534
data/assayplate_3765/AssayPlate_Corning_3765_K23_T0001F001L01A01Z01C01.tif,K23,708
data/assayplate_3765/AssayPlate_Corning_3765_D10_T0001F001L01A01Z01C01.tif,D10,1186
data/assayplate_3765/AssayPlate_Corning_3765_P01_T0001F001L01A01Z01C01.tif,P01,739
data/assayplate_3765/AssayPlate_Corning_3765_I22_T0001F001L01A01Z01C01.tif,I22,847
data/assayplate_3765/AssayPlate_Corning_3765_K24_T0001F001L01A01Z01C01.tif,K24,820
data/assayplate_3765/AssayPlate_Corning_3765_F17_T0001F001L01A01Z01C01.tif,F17,1432
data/assayplate_3765/AssayPlate_Corning_3765_L03_T0001F001L01A01Z01C01.tif,L03,680
data/assayplate_3765/AssayPlate_Corning_3765_I17_T0001F001L01A01Z01C01.tif,I17,1150
data/assayplate_3765/AssayPlate_Corning_3765_C05_T0001F001L01A01Z01C01.tif,C05,1169
data/assayplate_3765/AssayPlate_Corning_3765_K14_T0001F001L01A01Z01C01.tif,K14,532
data/assayplate_3765/AssayPlate_Corning_3765_I16_T0001F001L01A01Z01C01.tif,I16,1129
data/assayplate_3765/AssayPlate_Corning_3765_B04_T0001F001L01A01Z01C01.tif,B04,844
data/assayplate_3765/AssayPlate_Corning_3765_O22_T0001F001L01A01Z01C01.tif,O22,496
data/assayplate_3765/AssayPlate_Corning_3765_F11_T0001F001L01A01Z01C01.tif,F11,825
data/assayplate_3765/AssayPlate_Corning_3765_O21_T0001F001L01A01Z01C01.tif,O21,361
data/assayplate_3765/AssayPlate_Corning_3765_B13_T0001F001L01A01Z01C01.tif,B13,1097
data/assayplate_3765/AssayPlate_Corning_3765_D14_T0001F001L01A01Z01C01.tif,D14,1195
data/assayplate_3765/AssayPlate_Corning_3765_E15_T0001F001L01A01Z01C01.tif,E15,1027
data/assayplate_3765/AssayPlate_Corning_3765_F06_T0001F001L01A01Z01C01.tif,F06,106
data/assayplate_3765/AssayPlate_Corning_3765_F18_T0001F001L01A01Z01C01.tif,F18,1253
data/assayplate_3765/AssayPlate_Corning_3765_F15_T0001F001L01A01Z01C01.tif,F15,240
data/assayplate_3765/AssayPlate_Corning_3765_N14_T0001F001L01A01Z01C01.tif,N14,584
data/assayplate_3765/AssayPlate_Corning_3765_H22_T0001F001L01A01Z01C01.tif,H22,863
data/assayplate_3765/AssayPlate_Corning_3765_O23_T0001F001L01A01Z01C01.tif,O23,560
data/assayplate_3765/AssayPlate_Corning_3765_G05_T0001F001L01A01Z01C01.tif,G05,659
data/assayplate_3765/AssayPlate_Corning_3765_M09_T0001F001L01A01Z01C01.tif,M09,705
data/assayplate_3765/AssayPlate_Corning_3765_J02_T0001F001L01A01Z01C01.tif,J02,877
data/assayplate_3765/AssayPlate_Corning_3765_F13_T0001F001L01A01Z01C01.tif,F13,1133
data/assayplate_3765/AssayPlate_Corning_3765_E11_T0001F001L01A01Z01C01.tif,E11,1012
data/assayplate_3765/AssayPlate_Corning_3765_N15_T0001F001L01A01Z01C01.tif,N15,631
data/assayplate_3765/AssayPlate_Corning_3765_C23_T0001F001L01A01Z01C01.tif,C23,927
data/assayplate_3765/AssayPlate_Corning_3765_D07_T0001F001L01A01Z01C01.tif,D07,1311
data/assayplate_3765/AssayPlate_Corning_3765_A11_T0001F001L01A01Z01C01.tif,A11,1190
data/assayplate_3765/AssayPlate_Corning_3765_P13_T0001F001L01A01Z01C01.tif,P13,393
data/assayplate_3765/AssayPlate_Corning_3765_I03_T0001F001L01A01Z01C01.tif,I03,826
data/assayplate_3765/AssayPlate_Corning_3765_F05_T0001F001L01A01Z01C01.tif,F05,740
data/assayplate_3765/AssayPlate_Corning_3765_G03_T0001F001L01A01Z01C01.tif,G03,757
data/assayplate_3765/AssayPlate_Corning_3765_E21_T0001F001L01A01Z01C01.tif,E21,872
data/assayplate_3765/AssayPlate_Corning_3765_A09_T0001F001L01A01Z01C01.tif,A09,1274
data/assayplate_3765/AssayPlate_Corning_3765_I10_T0001F001L01A01Z01C01.tif,I10,753
data/assayplate_3765/AssayPlate_Corning_3765_C14_T0001F001L01A01Z01C01.tif,C14,1139
data/assayplate_3765/AssayPlate_Corning_3765_M08_T0001F001L01A01Z01C01.tif,M08,1064
data/assayplate_3765/AssayPlate_Corning_3765_L06_T0001F001L01A01Z01C01.tif,L06,516
data/assayplate_3765/AssayPlate_Corning_3765_B11_T0001F001L01A01Z01C01.tif,B11,1012
data/assayplate_3765/AssayPlate_Corning_3765_J04_T0001F001L01A01Z01C01.tif,J04,491
data/assayplate_3765/AssayPlate_Corning_3765_M21_T0001F001L01A01Z01C01.tif,M21,598
data/assayplate_3765/AssayPlate_Corning_3765_L20_T0001F001L01A01Z01C01.tif,L20,520
data/assayplate_3765/AssayPlate_Corning_3765_D11_T0001F001L01A01Z01C01.tif,D11,1173
data/assayplate_3765/AssayPlate_Corning_3765_P06_T0001F001L01A01Z01C01.tif,P06,538
data/assayplate_3765/AssayPlate_Corning_3765_A20_T0001F001L01A01Z01C01.tif,A20,1188
data/assayplate_3765/AssayPlate_Corning_3765_P02_T0001F001L01A01Z01C01.tif,P02,536
data/assayplate_3765/AssayPlate_Corning_3765_I06_T0001F001L01A01Z01C01.tif,I06,809
data/assayplate_3765/AssayPlate_Corning_3765_N12_T0001F001L01A01Z01C01.tif,N12,680
data/assayplate_3765/AssayPlate_Corning_3765_I24_T0001F001L01A01Z01C01.tif,I24,978
data/assayplate_3765/AssayPlate_Corning_3765_K11_T0001F001L01A01Z01C01.tif,K11,477
data/assayplate_3765/AssayPlate_Corning_3765_D02_T0001F001L01A01Z01C01.tif,D02,870
data/assayplate_3765/AssayPlate_Corning_3765_B12_T0001F001L01A01Z01C01.tif,B12,1590
data/assayplate_3765/AssayPlate_Corning_3765_A07_T0001F001L01A01Z01C01.tif,A07,1123
data/assayplate_3765/AssayPlate_Corning_3765_G17_T0001F001L01A01Z01C01.tif,G17,1316
data/assayplate_3765/AssayPlate_Corning_3765_A03_T0001F001L01A01Z01C01.tif,A03,1004
data/assayplate_3765/AssayPlate_Corning_3765_I04_T0001F001L01A01Z01C01.tif,I04,563
data/assayplate_3765/AssayPlate_Corning_3765_M03_T0001F001L01A01Z01C01.tif,M03,644
data/assayplate_3765/AssayPlate_Corning_3765_K13_T0001F001L01A01Z01C01.tif,K13,812
data/assayplate_3765/AssayPlate_Corning_3765_P15_T0001F001L01A01Z01C01.tif,P15,295
data/assayplate_3765/AssayPlate_Corning_3765_A05_T0001F001L01A01Z01C01.tif,A05,1216
data/assayplate_3765/AssayPlate_Corning_3765_L22_T0001F001L01A01Z01C01.tif,L22,1336
data/assayplate_3765/AssayPlate_Corning_3765_C21_T0001F001L01A01Z01C01.tif,C21,978
data/assayplate_3765/AssayPlate_Corning_3765_J24_T0001F001L01A01Z01C01.tif,J24,844
data/assayplate_3765/AssayPlate_Corning_3765_E14_T0001F001L01A01Z01C01.tif,E14,1086
data/assayplate_3765/AssayPlate_Corning_3765_P10_T0001F001L01A01Z01C01.tif,P10,521
data/assayplate_3765/AssayPlate_Corning_3765_H23_T0001F001L01A01Z01C01.tif,H23,827
data/assayplate_3765/AssayPlate_Corning_3765_F09_T0001F001L01A01Z01C01.tif,F09,1179
data/assayplate_3765/AssayPlate_Corning_3765_K19_T0001F001L01A01Z01C01.tif,K19,545
data/assayplate_3765/AssayPlate_Corning_3765_J15_T0001F001L01A01Z01C01.tif,J15,760
data/assayplate_3765/AssayPlate_Corning_3765_I15_T0001F001L01A01Z01C01.tif,I15,801
data/assayplate_3765/AssayPlate_Corning_3765_H18_T0001F001L01A01Z01C01.tif,H18,1242
data/assayplate_3765/AssayPlate_Corning_3765_M18_T0001F001L01A01Z01C01.tif,M18,796
data/assayplate_3765/AssayPlate_Corning_3765_M15_T0001F001L01A01Z01C01.tif,M15,643
